{
  "_": 0.2786008164,
  "a": 0.0832940335,
  "e": 0.0807571594,
  "i": 0.0805294912,
  "o": 0.0666417316,
  "n": 0.0510952466,
  "t": 0.0465581448,
  "r": 0.0458100922,
  "l": 0.0457450442,
  "s": 0.0346868749,
  "c": 0.0324752411,
  "d": 0.0262143659,
  "p": 0.0219862423,
  "u": 0.0205063991,
  "m": 0.0190916039,
  "g": 0.013188493,
  "v": 0.0125867985,
  "f": 0.0088465354,
  "h": 0.0074480022,
  "z": 0.0068300457,
  "b": 0.0065373295,
  "q": 0.0024880881,
  "\u00e8": 0.0018863936,
  "'": 0.0016912494,
  "\u00e0": 0.001235913,
  "\u00f9": 0.0006342185,
  "\u00ec": 0.0006179565,
  "x": 0.0004878604,
  "\u00f2": 0.0004228124,
  "\u00e9": 0.0004065503,
  "k": 0.0002601922,
  "y": 0.0002439302,
  "w": 0.0001463581,
  "j": 4.8786e-05
}