{
  "a_": 0.0385814424,
  "e_": 0.0378256844,
  "o_": 0.0305326204,
  "i_": 0.028851059,
  "_d": 0.019725282,
  "_c": 0.0166644624,
  "_p": 0.0146805978,
  "_s": 0.0144349765,
  "_a": 0.0133958093,
  "on": 0.012772309,
  "er": 0.0125455817,
  "re": 0.012035445,
  "di": 0.0116575661,
  "an": 0.0114497327,
  "co": 0.0113741569,
  "la": 0.0111474295,
  "ta": 0.0110718537,
  "to": 0.0106561868,
  "_i": 0.0106372929,
  "_l": 0.0102027321,
  "in": 0.0099760047,
  "al": 0.0098815349,
  "ri": 0.0098059592,
  "en": 0.0097114894,
  "ra": 0.0096737015,
  "nt": 0.0092769286,
  "el": 0.0092580347,
  "te": 0.0092202468,
  "no": 0.0089368375,
  "_e": 0.0088990496,
  "or": 0.0088423678,
  "ti": 0.0086912162,
  "io": 0.008388913,
  "ll": 0.0083133372,
  "ar": 0.0081621857,
  "de": 0.0080677159,
  "at": 0.008048822,
  "n_": 0.0080110341,
  "_m": 0.0078976704,
  "st": 0.0078409885,
  "li": 0.0077276248,
  "l_": 0.0073308519,
  "le": 0.007311958,
  "ne": 0.007311958,
  "ia": 0.0072552761,
  "na": 0.0065373061,
  "es": 0.0064995182,
  "ch": 0.0064806243,
  "si": 0.0062916848,
  "ro": 0.0058760179,
  "un": 0.005857124,
  "tt": 0.005857124,
  "me": 0.0058004421,
  "ol": 0.005460351,
  "ca": 0.005460351,
  "_f": 0.0053469874,
  "se": 0.0053469874,
  "_n": 0.0053091995,
  "ic": 0.0053091995,
  "pe": 0.0053091995,
  "tr": 0.0052714116,
  "ma": 0.0051580479,
  "_u": 0.0051391539,
  "ci": 0.005101366,
  "_t": 0.005101366,
  "it": 0.0050068963,
  "_r": 0.0049502144,
  "pr": 0.0048935326,
  "il": 0.0048746387,
  "ni": 0.0048368508,
  "so": 0.0046856992,
  "po": 0.0046290173,
  "ve": 0.0045912294,
  "he": 0.0045723355,
  "pa": 0.0043267142,
  "da": 0.0042700323,
  "do": 0.0041188807,
  "os": 0.0040810928,
  "is": 0.0039488352,
  "nd": 0.0039110473,
  "_g": 0.0038921533,
  "va": 0.0038165776,
  "lo": 0.0037976836,
  "gi": 0.0037221078,
  "_v": 0.0035709562,
  "ss": 0.0035709562,
  "pi": 0.0035331683,
  "zi": 0.0034953804,
  "mo": 0.0034953804,
  "ie": 0.0034764865,
  "ce": 0.0034198046,
  "om": 0.0033631228,
  "sa": 0.0032686531,
  "et": 0.0032686531,
  "mi": 0.0032497591,
  "vi": 0.0031930773,
  "rt": 0.0031741833,
  "im": 0.0031741833,
  "as": 0.0031175015,
  "sc": 0.0030608196,
  "_o": 0.0029474559,
  "iv": 0.002928562,
  "am": 0.002909668,
  "qu": 0.0028907741,
  "_b": 0.002569577,
  "av": 0.0025317891,
  "fi": 0.0024940012,
  "nc": 0.0024751072,
  "eg": 0.0024373193,
  "_q": 0.0024373193,
  "su": 0.0024184254,
  "ue": 0.0023995314,
  "lt": 0.0023239556,
  "ec": 0.0022672738,
  "za": 0.0022672738,
  "vo": 0.0022294859,
  "\u00e8_": 0.0021728041,
  "ot": 0.0021728041,
  "mp": 0.0021539101,
  "gl": 0.0021350162,
  "cc": 0.0021350162,
  "og": 0.0020972283,
  "bi": 0.0020783343,
  "ur": 0.0020783343,
  "sp": 0.0020405464,
  "ac": 0.0019460767,
  "ua": 0.0018893948,
  "ev": 0.0018893948,
  "ov": 0.0018893948,
  "ut": 0.0018705009,
  "r_": 0.001832713,
  "fe": 0.001813819,
  "_\u00e8": 0.001813819,
  "hi": 0.0017760311,
  "tu": 0.0017760311,
  "ed": 0.0017571372,
  "rs": 0.0017193493,
  "ap": 0.0017193493,
  "nz": 0.0017193493,
  "cu": 0.0017004553,
  "ag": 0.0017004553,
  "fo": 0.0016815614,
  "fa": 0.0016626674,
  "nn": 0.0016059856,
  "az": 0.0016059856,
  "ha": 0.0015870917,
  "ir": 0.0015681977,
  "l'": 0.0015681977,
  "zz": 0.0015493038,
  "iz": 0.0015304098,
  "op": 0.001473728,
  "lu": 0.001473728,
  "_h": 0.001473728,
  "uo": 0.001454834,
  "\u00e0_": 0.0014359401,
  "gg": 0.0014359401,
  "ge": 0.0014359401,
  "oc": 0.0014170461,
  "ul": 0.0013981522,
  "ad": 0.0013603643,
  "ns": 0.0013414703,
  "us": 0.0013414703,
  "em": 0.0013414703,
  "ui": 0.0013414703,
  "rm": 0.0013414703,
  "gn": 0.0013225764,
  "ga": 0.0013036824,
  "ng": 0.0012847885,
  "gr": 0.0012658945,
  "ig": 0.0012658945,
  "go": 0.0011903187,
  "ba": 0.0011903187,
  "if": 0.0011903187,
  "rc": 0.0011903187,
  "id": 0.0011714248,
  "rn": 0.0011147429,
  "ei": 0.0011147429,
  "pp": 0.0011147429,
  "t\u00e0": 0.001095849,
  "rd": 0.001095849,
  "ai": 0.0010769551,
  "rr": 0.0010769551,
  "be": 0.0010769551,
  "du": 0.0010580611,
  "ff": 0.0010202732,
  "pu": 0.0010202732,
  "gu": 0.0009824853,
  "od": 0.0009446974,
  "cr": 0.0009069095,
  "ip": 0.0008880156,
  "fu": 0.0008691216,
  "iu": 0.0008502277,
  "mb": 0.0008502277,
  "um": 0.0008502277,
  "ib": 0.0008313337,
  "bb": 0.0008313337,
  "ez": 0.0008313337,
  "oi": 0.0008124398,
  "bo": 0.0007935458,
  "af": 0.0007557579,
  "nu": 0.0007557579,
  "\u00f9_": 0.000736864,
  "ab": 0.000736864,
  "i\u00f9": 0.00071797,
  "br": 0.00071797,
  "\u00ec_": 0.0006990761,
  "ea": 0.0006990761,
  "d_": 0.0006801821,
  "mm": 0.0006423942,
  "uc": 0.0006235003,
  "bu": 0.0006046063,
  "au": 0.0006046063,
  "ru": 0.0006046063,
  "lc": 0.0005857124,
  "rg": 0.0005857124,
  "up": 0.0005857124,
  "'i": 0.0005857124,
  "ep": 0.0005668184,
  "u_": 0.0005668184,
  "'a": 0.0005668184,
  "nv": 0.0005479245,
  "eb": 0.0005101366,
  "fr": 0.0005101366,
  "of": 0.0005101366,
  "\u00f2_": 0.0004912427,
  "ob": 0.0004912427,
  "mu": 0.0004723487,
  "nf": 0.0004723487,
  "h\u00e9": 0.0004723487,
  "\u00e9_": 0.0004723487,
  "s\u00ec": 0.0004345608,
  "cl": 0.0004345608,
  "_x": 0.0004345608,
  "ee": 0.0004156669,
  "gh": 0.0004156669,
  "rl": 0.0003967729,
  "eo": 0.0003967729,
  "ug": 0.000377879,
  "pl": 0.000358985,
  "rv": 0.000358985,
  "ud": 0.0003400911,
  "ae": 0.0003400911,
  "lm": 0.0003400911,
  "vv": 0.0003211971,
  "ub": 0.0003211971,
  "sv": 0.0003023032,
  "zo": 0.0003023032,
  "uz": 0.0003023032,
  "'e": 0.0003023032,
  "p_": 0.0002834092,
  "rf": 0.0002834092,
  "t_": 0.0002834092,
  "xe": 0.0002645153,
  "bl": 0.0002645153,
  "dr": 0.0002645153,
  "r\u00e0": 0.0002456213,
  "ze": 0.0002456213,
  "ef": 0.0002267274,
  "vu": 0.0002267274,
  "rp": 0.0002267274,
  "sm": 0.0002078334,
  "lb": 0.0002078334,
  "lf": 0.0002078334,
  "y_": 0.0002078334,
  "m_": 0.0001889395,
  "'u": 0.0001889395,
  "rb": 0.0001700455,
  "cq": 0.0001700455,
  "s_": 0.0001700455,
  "ii": 0.0001700455,
  "sf": 0.0001511516,
  "r\u00f2": 0.0001511516,
  "rz": 0.0001511516,
  "l\u00ec": 0.0001511516,
  "'o": 0.0001511516,
  "lg": 0.0001511516,
  "nq": 0.0001511516,
  "d'": 0.0001511516,
  "ho": 0.0001322576,
  "_z": 0.0001322576,
  "u\u00f2": 0.0001322576,
  "f\u00e8": 0.0001322576,
  "eu": 0.0001322576,
  "vr": 0.0001133637,
  "lv": 0.0001133637,
  "ls": 0.0001133637,
  "oe": 0.0001133637,
  "xv": 0.0001133637,
  "oz": 0.0001133637,
  "sl": 0.0001133637,
  "v_": 9.44697e-05,
  "lp": 9.44697e-05,
  "oa": 9.44697e-05,
  "uf": 9.44697e-05,
  "xi": 9.44697e-05,
  "ct": 9.44697e-05,
  "i\u00e0": 7.55758e-05,
  "dd": 7.55758e-05,
  "c\u00e8": 7.55758e-05,
  "i\u00f2": 7.55758e-05,
  "cn": 7.55758e-05,
  "c_": 7.55758e-05,
  "ax": 7.55758e-05,
  "sh": 7.55758e-05,
  "ka": 7.55758e-05,
  "tv": 5.66818e-05,
  "sg": 5.66818e-05,
  "x_": 5.66818e-05,
  "sb": 5.66818e-05,
  "c\u00ec": 5.66818e-05,
  "ao": 5.66818e-05,
  "nk": 5.66818e-05,
  "fl": 5.66818e-05,
  "g_": 5.66818e-05,
  "ln": 5.66818e-05,
  "_k": 5.66818e-05,
  "ki": 5.66818e-05,
  "n'": 5.66818e-05,
  "'_": 5.66818e-05,
  "t'": 5.66818e-05,
  "ld": 5.66818e-05,
  "c'": 5.66818e-05,
  "'\u00e8": 5.66818e-05,
  "ks": 5.66818e-05,
  "k_": 5.66818e-05,
  "_y": 5.66818e-05,
  "yo": 5.66818e-05,
  "eq": 3.77879e-05,
  "lh": 3.77879e-05,
  "o\u00e8": 3.77879e-05,
  "h_": 3.77879e-05,
  "oh": 3.77879e-05,
  "m\u00e8": 3.77879e-05,
  "r\u00ec": 3.77879e-05,
  "sq": 3.77879e-05,
  "mn": 3.77879e-05,
  "gm": 3.77879e-05,
  "_j": 3.77879e-05,
  "'h": 3.77879e-05,
  "cm": 3.77879e-05,
  "oo": 3.77879e-05,
  "mc": 3.77879e-05,
  "ow": 3.77879e-05,
  "wn": 3.77879e-05,
  "ey": 3.77879e-05,
  "ck": 3.77879e-05,
  "ph": 3.77879e-05,
  "zu": 3.77879e-05,
  "sy": 3.77879e-05,
  "_w": 3.77879e-05,
  "wa": 3.77879e-05,
  "ak": 3.77879e-05,
  "aq": 3.77879e-05,
  "xx": 3.77879e-05,
  "d\u00ec": 3.77879e-05,
  "ew": 3.77879e-05,
  "w_": 3.77879e-05,
  "rk": 3.77879e-05,
  "nr": 1.88939e-05,
  "ix": 1.88939e-05,
  "iq": 1.88939e-05,
  "ps": 1.88939e-05,