{
  "a_": 0.0409882934,
  "e_": 0.0365644467,
  "o_": 0.0307562671,
  "i_": 0.0286496735,
  "_d": 0.0189894369,
  "_c": 0.0183273647,
  "_p": 0.0146558729,
  "_s": 0.0144151193,
  "_a": 0.0143248367,
  "er": 0.0130608806,
  "on": 0.0124589967,
  "re": 0.0123687141,
  "la": 0.0115561708,
  "an": 0.0114959824,
  "co": 0.0114959824,
  "di": 0.0113756056,
  "_l": 0.0107135334,
  "ta": 0.0103824972,
  "_i": 0.010352403,
  "to": 0.010201932,
  "ri": 0.0099310843,
  "ra": 0.0098408017,
  "el": 0.009569954,
  "in": 0.0094796714,
  "al": 0.0092389178,
  "_m": 0.0091486352,
  "no": 0.009118541,
  "or": 0.0090884468,
  "en": 0.0089680701,
  "nt": 0.0085768455,
  "n_": 0.0083962804,
  "_e": 0.0082458094,
  "ar": 0.0082157152,
  "te": 0.008185621,
  "ti": 0.0080050558,
  "io": 0.0079147732,
  "de": 0.0077643023,
  "l_": 0.0075837371,
  "ll": 0.0075536429,
  "ia": 0.0073730777,
  "at": 0.0073128893,
  "li": 0.0073128893,
  "ne": 0.007252701,
  "st": 0.0072226068,
  "ch": 0.00710223,
  "na": 0.0067110054,
  "si": 0.0062896867,
  "un": 0.0061091216,
  "le": 0.0060790274,
  "ro": 0.0059887448,
  "es": 0.005868368,
  "ma": 0.0057479912,
  "_n": 0.0056878028,
  "tt": 0.0055373318,
  "ca": 0.0055072377,
  "pe": 0.0054169551,
  "_u": 0.0053567667,
  "ic": 0.0052965783,
  "me": 0.0052363899,
  "tr": 0.0052363899,
  "ci": 0.0051160131,
  "ve": 0.0051160131,
  "he": 0.0050859189,
  "_r": 0.0050859189,
  "_f": 0.0050558247,
  "se": 0.0049956363,
  "ol": 0.0049053538,
  "pr": 0.0049053538,
  "po": 0.0048150712,
  "_t": 0.0047548828,
  "ni": 0.0047247886,
  "do": 0.0046946944,
  "il": 0.0046946944,
  "it": 0.0045442234,
  "pa": 0.0045141292,
  "va": 0.0044539408,
  "so": 0.0043335641,
  "da": 0.0042733757,
  "is": 0.0042131873,
  "mi": 0.0040627163,
  "os": 0.0040326221,
  "_g": 0.0040326221,
  "lo": 0.0040326221,
  "nd": 0.0038219627,
  "ce": 0.0037918685,
  "sa": 0.0036113034,
  "ie": 0.0035812092,
  "mo": 0.0035812092,
  "_v": 0.0035210208,
  "gi": 0.0035210208,
  "ss": 0.0034307382,
  "zi": 0.0033705498,
  "av": 0.0033103614,
  "im": 0.0032200788,
  "om": 0.0031598905,
  "am": 0.0031598905,
  "qu": 0.0031598905,
  "sc": 0.0031297963,
  "rt": 0.0030094195,
  "vi": 0.0029492311,
  "as": 0.0029191369,
  "_b": 0.0028589485,
  "lt": 0.0027987601,
  "pi": 0.0027987601,
  "et": 0.0027987601,
  "iv": 0.0027385717,
  "_q": 0.0027084775,
  "ue": 0.0025580066,
  "su": 0.0024978182,
  "vo": 0.0024376298,
  "_o": 0.0024075356,
  "bi": 0.002317253,
  "ev": 0.002317253,
  "ot": 0.0022871588,
  "mp": 0.0022570646,
  "nc": 0.0022269704,
  "cc": 0.002166782,
  "ov": 0.0021065936,
  "ec": 0.0020464052,
  "og": 0.0020464052,
  "ac": 0.0020464052,
  "r_": 0.0020464052,
  "ed": 0.0020163111,
  "sp": 0.0019862169,
  "nn": 0.0019561227,
  "ua": 0.0019561227,
  "fa": 0.0019260285,
  "gl": 0.0019260285,
  "fe": 0.0019260285,
  "fi": 0.0019260285,
  "\u00e8_": 0.0019260285,
  "rs": 0.0018357459,
  "cu": 0.0018357459,
  "za": 0.0018357459,
  "ha": 0.0018357459,
  "eg": 0.0018056517,
  "ap": 0.0017755575,
  "hi": 0.0017454633,
  "ur": 0.0017454633,
  "_h": 0.0017153691,
  "uo": 0.0016852749,
  "oc": 0.0016551807,
  "ut": 0.0016250865,
  "nz": 0.0016250865,
  "az": 0.0015949923,
  "op": 0.0015648981,
  "ad": 0.0015648981,
  "ul": 0.0015348039,
  "em": 0.0015047097,
  "\u00e0_": 0.0015047097,
  "lu": 0.0015047097,
  "ag": 0.0015047097,
  "tu": 0.0015047097,
  "gn": 0.0014746155,
  "_\u00e8": 0.0014144272,
  "ns": 0.001384333,
  "gr": 0.0013542388,
  "ui": 0.0013542388,
  "l'": 0.0013542388,
  "ig": 0.0013241446,
  "ai": 0.0013241446,
  "ir": 0.0013241446,
  "us": 0.0012940504,
  "ba": 0.0012940504,
  "id": 0.0012639562,
  "be": 0.0012639562,
  "rd": 0.0012639562,
  "gg": 0.001233862,
  "fo": 0.001233862,
  "rn": 0.0012037678,
  "iz": 0.0012037678,
  "rr": 0.0012037678,
  "ng": 0.0011736736,
  "ge": 0.0011736736,
  "go": 0.0011435794,
  "pp": 0.0011134852,
  "ga": 0.001083391,
  "pu": 0.001083391,
  "t\u00e0": 0.0010532968,
  "ei": 0.0010532968,
  "ff": 0.0010532968,
  "rc": 0.0010532968,
  "if": 0.0010232026,
  "zz": 0.0009931084,
  "cr": 0.0009931084,
  "\u00ec_": 0.0009931084,
  "rm": 0.00093292,
  "gu": 0.0009028258,
  "bb": 0.0009028258,
  "mb": 0.0008727317,
  "oi": 0.0008727317,
  "iu": 0.0008426375,
  "ab": 0.0008426375,
  "af": 0.0008426375,
  "ib": 0.0008426375,
  "um": 0.0008426375,
  "fu": 0.0008426375,
  "du": 0.0008125433,
  "od": 0.0008125433,
  "lc": 0.0007824491,
  "i\u00f9": 0.0007523549,
  "\u00f9_": 0.0007523549,
  "ep": 0.0007523549,
  "au": 0.0007523549,
  "bo": 0.0007523549,
  "bu": 0.0007222607,
  "d_": 0.0007222607,
  "mm": 0.0007222607,
  "nu": 0.0007222607,
  "ez": 0.0006921665,
  "ip": 0.0006620723,
  "eb": 0.0006620723,
  "ea": 0.0006620723,
  "br": 0.0006319781,
  "nv": 0.0006319781,
  "s\u00ec": 0.0006018839,
  "_x": 0.0006018839,
  "u_": 0.0006018839,
  "rl": 0.0005717897,
  "'i": 0.0005717897,
  "ee": 0.0005416955,
  "\u00f2_": 0.0005116013,
  "fr": 0.0005116013,
  "uc": 0.0005116013,
  "cl": 0.0005116013,
  "of": 0.0005116013,
  "h\u00e9": 0.0004815071,
  "\u00e9_": 0.0004815071,
  "rg": 0.0004815071,
  "'a": 0.0004815071,
  "up": 0.0004815071,
  "ud": 0.0004514129,
  "p_": 0.0004514129,
  "ub": 0.0004514129,
  "eo": 0.0004514129,
  "xe": 0.0004213187,
  "ru": 0.0004213187,
  "nf": 0.0003912245,
  "ug": 0.0003912245,
  "t_": 0.0003912245,
  "ae": 0.0003611303,
  "ob": 0.0003611303,
  "zo": 0.0003611303,
  "mu": 0.0003310361,
  "r\u00e0": 0.0003310361,
  "rv": 0.0003310361,
  "gh": 0.0003310361,
  "pl": 0.0003009419,
  "vv": 0.0003009419,
  "bl": 0.0003009419,
  "dr": 0.0003009419,
  "'e": 0.0003009419,
  "y_": 0.0003009419,
  "rf": 0.0002708478,
  "sm": 0.0002407536,
  "lb": 0.0002407536,
  "m_": 0.0002407536,
  "ef": 0.0002407536,
  "lm": 0.0002407536,
  "l\u00ec": 0.0002407536,
  "ii": 0.0002407536,
  "vu": 0.0002407536,
  "s_": 0.0002407536,
  "ho": 0.0002106594,
  "sf": 0.0001805652,
  "r\u00f2": 0.0001805652,
  "sv": 0.0001805652,
  "rz": 0.0001805652,
  "f\u00e8": 0.0001805652,
  "uz": 0.0001805652,
  "_z": 0.000150471,
  "d'": 0.000150471,
  "eu": 0.000150471,
  "'u": 0.000150471,
  "rp": 0.000150471,
  "nq": 0.000150471,
  "ct": 0.000150471,
  "vr": 0.0001203768,
  "c\u00e8": 0.0001203768,
  "lp": 0.0001203768,
  "lv": 0.0001203768,
  "lg": 0.0001203768,
  "xv": 0.0001203768,
  "sl": 0.0001203768,
  "ax": 0.0001203768,
  "sh": 0.0001203768,
  "ka": 0.0001203768,
  "xi": 0.0001203768,
  "tv": 9.02826e-05,
  "v_": 9.02826e-05,
  "i\u00e0": 9.02826e-05,
  "sg": 9.02826e-05,
  "ze": 9.02826e-05,
  "x_": 9.02826e-05,
  "rb": 9.02826e-05,
  "cq": 9.02826e-05,
  "u\u00f2": 9.02826e-05,
  "ls": 9.02826e-05,
  "sb": 9.02826e-05,
  "ao": 9.02826e-05,
  "oa": 9.02826e-05,
  "cn": 9.02826e-05,
  "c_": 9.02826e-05,
  "'o": 9.02826e-05,
  "oz": 9.02826e-05,
  "oe": 9.02826e-05,
  "c'": 9.02826e-05,
  "'\u00e8": 9.02826e-05,
  "ks": 9.02826e-05,
  "k_": 9.02826e-05,
  "_y": 9.02826e-05,
  "yo": 9.02826e-05,
  "dd": 6.01884e-05,
  "eq": 6.01884e-05,
  "lh": 6.01884e-05,
  "h_": 6.01884e-05,
  "i\u00f2": 6.01884e-05,
  "c\u00ec": 6.01884e-05,
  "oh": 6.01884e-05,
  "m\u00e8": 6.01884e-05,
  "r\u00ec": 6.01884e-05,
  "sq": 6.01884e-05,
  "fl": 6.01884e-05,
  "t'": 6.01884e-05,
  "lf": 6.01884e-05,
  "oo": 6.01884e-05,
  "mc": 6.01884e-05,
  "g_": 6.01884e-05,
  "ow": 6.01884e-05,
  "wn": 6.01884e-05,
  "ey": 6.01884e-05,
  "'_": 6.01884e-05,
  "ck": 6.01884e-05,
  "uf": 6.01884e-05,
  "ph": 6.01884e-05,
  "zu": 6.01884e-05,
  "nk": 6.01884e-05,
  "sy": 6.01884e-05,
  "_w": 6.01884e-05,
  "wa": 6.01884e-05,
  "ak": 6.01884e-05,
  "aq": 6.01884e-05,
  "xx": 6.01884e-05,
  "ld": 6.01884e-05,
  "d\u00ec": 6.01884e-05,
  "ew": 6.01884e-05,
  "w_": 6.01884e-05,
  "rk": 6.01884e-05,
  "nr": 3.00942e-05,
  "ix": 3.00942e-05,
  "iq": 3.00942e-05,
  "o\u00e8": 3.00942e-05,
  "ps": 3.00942e-05,
  "eh": 3.00942e-05,
  "s\u00f2": 3.00942e-05,
  "h\u00e8": 3.00942e-05,
  "\u00e8m": 3.00942e-05,
  "dt": 3.00942e-05,
  "n\u00f2": 3.00942e-05,
  "d\u00f2": 3.00942e-05,
  "c\u00f2": 3.00942e-05,