{
  "_": 0.2563081009,
  "e": 0.1213777369,
  "n": 0.0762760922,
  "i": 0.0608846665,
  "r": 0.0535464978,
  "s": 0.0465999251,
  "t": 0.0459699663,
  "a": 0.0406919331,
  "d": 0.0356352368,
  "h": 0.035005278,
  "u": 0.0297272449,
  "l": 0.028722716,
  "c": 0.02320632,
  "g": 0.0205843293,
  "m": 0.020056526,
  "o": 0.0184560902,
  "b": 0.0142506895,
  "f": 0.0127694351,
  "k": 0.0119692171,
  "w": 0.0117649062,
  "z": 0.0097728743,
  "v": 0.0059250179,
  "p": 0.0054142405,
  "\u00fc": 0.0047332039,
  "\u00e4": 0.0043756598,
  "\u00f6": 0.0019920319,
  "j": 0.0018217727,
  "\u00df": 0.0009704771,
  "y": 0.0005618551,
  "x": 0.0003575442,
  "q": 0.0002213369,
  "\u00e9": 3.40518e-05,
  "'": 1.70259e-05
}