{
  "n_": 0.0372605308,
  "en": 0.0340383151,
  "er": 0.0300154276,
  "ch": 0.0247036538,
  "e_": 0.0229070244,
  "_d": 0.0208955807,
  "r_": 0.0199191517,
  "de": 0.0166578788,
  "t_": 0.0159939071,
  "te": 0.0156033355,
  "ei": 0.0155642783,
  "in": 0.0153885211,
  "ie": 0.0151932353,
  "_s": 0.0129083914,
  "s_": 0.0122248911,
  "_e": 0.0117562052,
  "ge": 0.0116195051,
  "nd": 0.0105844904,
  "_a": 0.0105649618,
  "un": 0.0102525045,
  "_w": 0.0094323042,
  "ic": 0.0093541899,
  "_i": 0.009256547,
  "st": 0.0092174898,
  "be": 0.0091393755,
  "h_": 0.0083777609,
  "ne": 0.0083582323,
  "an": 0.008045775,
  "re": 0.0080067178,
  "di": 0.0078504892,
  "he": 0.0078309606,
  "sc": 0.0077528463,
  "es": 0.0076942606,
  "_m": 0.0076356748,
  "au": 0.0074208604,
  "le": 0.0072255746,
  "d_": 0.0067178315,
  "_b": 0.0066006601,
  "it": 0.0064444314,
  "_u": 0.0062882028,
  "_g": 0.0060733884,
  "_k": 0.0058976312,
  "ng": 0.0057414025,
  "el": 0.0057023454,
  "_z": 0.0056437596,
  "se": 0.0056242311,
  "is": 0.0055656453,
  "m_": 0.0055461167,
  "_v": 0.005487531,
  "_n": 0.0052922452,
  "al": 0.0050969594,
  "li": 0.0050383737,
  "si": 0.0049993165,
  "da": 0.0048430879,
  "nt": 0.0047649735,
  "zu": 0.0046673306,
  "me": 0.0046282735,
  "as": 0.0046282735,
  "we": 0.0046087449,
  "_f": 0.0045892163,
  "ht": 0.0044525163,
  "hr": 0.0042181733,
  "ra": 0.004140059,
  "ss": 0.0040619447,
  "ll": 0.0039838303,
  "ha": 0.0039447732,
  "g_": 0.0039252446,
  "_h": 0.0038861874,
  "wi": 0.0038861874,
  "ar": 0.0038666589,
  "mi": 0.0038471303,
  "on": 0.0038276017,
  "us": 0.0037494874,
  "ti": 0.0037299588,
  "nn": 0.0037104302,
  "or": 0.0036323159,
  "ri": 0.0034370301,
  "ma": 0.0034175015,
  "ns": 0.0033979729,
  "rt": 0.0033979729,
  "_l": 0.0033979729,
  "ni": 0.0033784444,
  "eh": 0.0033589158,
  "et": 0.00330033,
  "ur": 0.0032612729,
  "at": 0.0032612729,
  "ig": 0.0032222157,
  "lt": 0.0031050442,
  "la": 0.0030659871,
  "vo": 0.0030464585,
  "u_": 0.0029097584,
  "em": 0.0028902299,
  "l_": 0.0028316441,
  "rd": 0.0028121155,
  "_t": 0.0028121155,
  "rs": 0.0027340012,
  "so": 0.0027340012,
  "ve": 0.0027340012,
  "uf": 0.0027144726,
  "wa": 0.0026754155,
  "ze": 0.0025191868,
  "ke": 0.0024801297,
  "na": 0.0024410725,
  "ab": 0.0024215439,
  "im": 0.002323901,
  "um": 0.0022848439,
  "ir": 0.0022067295,
  "il": 0.002187201,
  "ol": 0.002187201,
  "ac": 0.0021676724,
  "ta": 0.0021481438,
  "eg": 0.0021481438,
  "ts": 0.0021090866,
  "uc": 0.0020895581,
  "ut": 0.0020700295,
  "ls": 0.0020114437,
  "rn": 0.0020114437,
  "eu": 0.0020114437,
  "f_": 0.0019919152,
  "_p": 0.0019723866,
  "ed": 0.0019333294,
  "ft": 0.0019138008,
  "tt": 0.0019138008,
  "_j": 0.0018942723,
  "tu": 0.0018552151,
  "ru": 0.0018356865,
  "ro": 0.0018356865,
  "eb": 0.0018161579,
  "hl": 0.0017966294,
  "am": 0.0017966294,
  "mm": 0.0017575722,
  "hi": 0.0017380436,
  "hn": 0.001718515,
  "tr": 0.0016989865,
  "_r": 0.0016989865,
  "f\u00fc": 0.0016989865,
  "tz": 0.0016794579,
  "_o": 0.0016599293,
  "\u00fcr": 0.0016208721,
  "bi": 0.001581815,
  "ah": 0.001581815,
  "fr": 0.0015622864,
  "fa": 0.0015622864,
  "ck": 0.0015622864,
  "ag": 0.0015232292,
  "kr": 0.0015037007,
  "sp": 0.0015037007,
  "ih": 0.0014646435,
  "nu": 0.0014451149,
  "pr": 0.0014451149,
  "oc": 0.0014451149,
  "ka": 0.0014255863,
  "sa": 0.0014255863,
  "om": 0.0013865292,
  "fe": 0.0013670006,
  "rk": 0.001347472,
  "io": 0.0013279434,
  "od": 0.0012888863,
  "ko": 0.0012888863,
  "rg": 0.0012888863,
  "af": 0.0012693577,
  "no": 0.0012498291,
  "i_": 0.0011912434,
  "kl": 0.0011912434,
  "zi": 0.0011912434,
  "gr": 0.0011717148,
  "wo": 0.0011521862,
  "ga": 0.0011521862,
  "ho": 0.0011326576,
  "o_": 0.0011131291,
  "ef": 0.0011131291,
  "kt": 0.0010740719,
  "ec": 0.0010740719,
  "rm": 0.0010740719,
  "ku": 0.0010545433,
  "gl": 0.0010350147,
  "ki": 0.0010350147,
  "rb": 0.0010350147,
  "du": 0.0010350147,
  "a_": 0.0010154862,
  "fo": 0.0010154862,
  "gs": 0.0010154862,
  "br": 0.0010154862,
  "gi": 0.0009959576,
  "ug": 0.000976429,
  "nk": 0.000976429,
  "lu": 0.000976429,
  "gt": 0.0009569004,
  "ba": 0.0009569004,
  "hu": 0.0009569004,
  "tl": 0.0009373718,
  "ff": 0.0008983147,
  "nz": 0.0008983147,
  "os": 0.0008787861,
  "rl": 0.0008787861,
  "\u00fcb": 0.0008787861,
  "rz": 0.0008787861,
  "ul": 0.0008787861,
  "oh": 0.0008787861,
  "to": 0.0008592575,
  "r\u00fc": 0.0008592575,
  "z_": 0.0008592575,
  "k_": 0.0008592575,
  "ue": 0.0008397289,
  "h\u00e4": 0.0008397289,
  "ja": 0.0008397289,
  "\u00dfe": 0.0008202004,
  "ld": 0.0008202004,
  "\u00e4n": 0.0008006718,
  "mo": 0.0008006718,
  "lo": 0.0008006718,
  "rh": 0.0008006718,
  "tw": 0.0008006718,
  "og": 0.0007811432,
  "do": 0.0007811432,
  "fl": 0.0007616146,
  "ad": 0.0007616146,
  "b_": 0.000742086,
  "\u00e4u": 0.000742086,
  "t\u00e4": 0.0007225575,
  "hm": 0.0007225575,
  "rc": 0.0007030289,
  "pa": 0.0007030289,
  "ew": 0.0007030289,
  "pe": 0.0006835003,
  "l\u00e4": 0.0006835003,
  "ik": 0.0006835003,
  "gu": 0.0006835003,
  "id": 0.0006835003,
  "je": 0.0006639717,
  "pf": 0.0006639717,
  "nf": 0.0006639717,
  "ee": 0.0006639717,
  "th": 0.0006639717,
  "ob": 0.0006444431,
  "\u00fcc": 0.0006444431,
  "bt": 0.0006444431,
  "_\u00fc": 0.0006249146,
  "\u00e4t": 0.0006249146,
  "rf": 0.0006249146,
  "mt": 0.000605386,
  "dl": 0.000605386,
  "\u00f6n": 0.000605386,
  "\u00e4h": 0.000605386,
  "hs": 0.000605386,
  "ek": 0.000605386,
  "\u00e4r": 0.0005858574,
  "\u00fch": 0.0005858574,
  "k\u00f6": 0.0005858574,
  "if": 0.0005858574,
  "dr": 0.0005858574,
  "\u00fcn": 0.0005858574,
  "vi": 0.0005858574,
  "mu": 0.0005663288,
  "fi": 0.0005663288,
  "\u00e4c": 0.0005468002,
  "zw": 0.0005272717,
  "su": 0.0005272717,
  "ib": 0.0005272717,
  "iv": 0.0005077431,
  "rw": 0.0005077431,
  "zt": 0.0005077431,
  "sk": 0.0004882145,
  "of": 0.0004882145,
  "op": 0.0004882145,
  "lb": 0.0004686859,
  "po": 0.0004686859,
  "r\u00e4": 0.0004686859,
  "bl": 0.0004491573,
  "rr": 0.0004491573,
  "bu": 0.0004491573,
  "wu": 0.0004491573,
  "db": 0.0004296288,
  "w\u00e4": 0.0004101002,
  "ai": 0.0004101002,
  "ot": 0.0003905716,
  "ak": 0.0003905716,
  "mp": 0.0003905716,
  "bs": 0.0003905716,
  "oz": 0.0003905716,
  "tg": 0.000371043,
  "ud": 0.000371043,
  "ez": 0.000371043,
  "ub": 0.000371043,
  "sb": 0.000371043,
  "pl": 0.000371043,
  "\u00f6r": 0.0003515144,
  "o\u00df": 0.0003515144,
  "uk": 0.0003515144,
  "nl": 0.0003515144,
  "ph": 0.0003515144,
  "ok": 0.0003515144,
  "hw": 0.0003515144,
  "h\u00f6": 0.0003319859,
  "ep": 0.0003319859,
  "hk": 0.0003319859,
  "n\u00e4": 0.0003319859,
  "ks": 0.0003319859,
  "dt": 0.0003319859,
  "ex": 0.0003124573,
  "f\u00e4": 0.0003124573,
  "t\u00fc": 0.0003124573,
  "ia": 0.0003124573,
  "pp": 0.0002929287,
  "pi": 0.0002929287,
  "m\u00fc": 0.0002929287,
  "\u00fcs": 0.0002929287,
  "sg": 0.0002929287,
  "pt": 0.0002734001,
  "s\u00e4": 0.0002734001,
  "sw": 0.0002734001,
  "za": 0.0002734001,
  "m\u00f6": 0.0002734001,
  "\u00f6g": 0.0002734001,
  "iz": 0.0002734001,
  "lz": 0.0002734001,
  "_c": 0.0002734001,
  "lf": 0.0002538715,
  "jo": 0.0002538715,
  "ea": 0.0002538715,
  "qu": 0.0002538715,
  "fu": 0.0002538715,
  "\u00fct": 0.0002538715,
  "nh": 0.0002538715,
  "ln": 0.0002538715,
  "va": 0.0002538715,
  "sh": 0.0002538715,
  "p\u00e4": 0.0002538715,
  "az": 0.000234343,
  "gk": 0.000234343,
  "nv": 0.000234343,
  "ap": 0.000234343,
  "tm": 0.000234343,
  "\u00e4l": 0.000234343,
  "n\u00fc": 0.000234343,
  "nw": 0.000234343,
  "up": 0.0002148144,
  "sl": 0.0002148144,
  "nc": 0.0002148144,
  "tn": 0.0002148144,
  "k\u00fc": 0.0002148144,
  "\u00f6t": 0.0002148144,
  "nb": 0.0002148144,
  "\u00f6s": 0.0002148144,
  "w\u00fc": 0.0002148144,
  "ju": 0.0001952858,
  "\u00e4g": 0.0001952858,
  "u\u00df": 0.0001952858,
  "\u00fcl": 0.0001952858,
  "h\u00fc": 0.0001952858,
  "r\u00f6": 0.0001952858,
  "a\u00df": 0.0001952858,
  "_q": 0.0001757572,
  "hg": 0.0001757572,