{
  "n_": 0.0379391421,
  "en": 0.0354966101,
  "er": 0.0289679732,
  "ch": 0.0242655283,
  "e_": 0.0234209145,
  "_d": 0.0207957632,
  "r_": 0.0194717739,
  "de": 0.0168009679,
  "te": 0.016298765,
  "ei": 0.015385669,
  "in": 0.0152030497,
  "ie": 0.0150660853,
  "t_": 0.0147465017,
  "_s": 0.0126920355,
  "s_": 0.0121670053,
  "ge": 0.0118930764,
  "_e": 0.0109343256,
  "nd": 0.0108658434,
  "_a": 0.0107288789,
  "un": 0.0107060515,
  "_w": 0.0097929555,
  "st": 0.0093820622,
  "ic": 0.0092907526,
  "_i": 0.0092222704,
  "be": 0.008742895,
  "ne": 0.0086515854,
  "di": 0.0081722099,
  "re": 0.0081493825,
  "es": 0.0080809003,
  "h_": 0.0080352455,
  "he": 0.0078526263,
  "an": 0.0078297989,
  "_m": 0.0076700071,
  "le": 0.0074873879,
  "au": 0.0074417331,
  "sc": 0.0071906316,
  "d_": 0.0068025658,
  "_b": 0.0065742918,
  "_u": 0.0064601548,
  "it": 0.0062090533,
  "_k": 0.0060492615,
  "ng": 0.0060036067,
  "_z": 0.0059579519,
  "_g": 0.0059351245,
  "el": 0.0057525053,
  "is": 0.0056611957,
  "se": 0.0056611957,
  "_v": 0.0055014039,
  "m_": 0.0054329217,
  "zu": 0.0050905106,
  "si": 0.0050448558,
  "_n": 0.0050220284,
  "me": 0.0049078914,
  "da": 0.0049078914,
  "al": 0.004885064,
  "li": 0.0048394092,
  "nt": 0.0048394092,
  "we": 0.0046796174,
  "as": 0.0046111352,
  "ht": 0.0044056886,
  "_f": 0.0043372064,
  "hr": 0.0043372064,
  "ra": 0.0042687242,
  "ss": 0.004200242,
  "ha": 0.004086105,
  "on": 0.0040176228,
  "wi": 0.0040176228,
  "g_": 0.0039947954,
  "ar": 0.003971968,
  "ll": 0.0039263131,
  "mi": 0.0039034857,
  "ti": 0.0038350035,
  "_h": 0.0037893487,
  "or": 0.0037665213,
  "us": 0.0036980391,
  "ns": 0.0035839021,
  "et": 0.0035382473,
  "eh": 0.0034469377,
  "nn": 0.0034469377,
  "rt": 0.0033784555,
  "at": 0.0033328007,
  "ig": 0.0033099733,
  "ni": 0.0032871459,
  "_l": 0.0032871459,
  "ur": 0.0032414911,
  "ri": 0.0032186637,
  "u_": 0.0032186637,
  "vo": 0.0031273541,
  "la": 0.0031273541,
  "lt": 0.0030360445,
  "_t": 0.0028990801,
  "ma": 0.0028305978,
  "wa": 0.0028077704,
  "uf": 0.002784943,
  "ve": 0.002784943,
  "em": 0.0027621156,
  "ze": 0.0026936334,
  "rd": 0.002670806,
  "l_": 0.002670806,
  "so": 0.0026479786,
  "rs": 0.0025794964,
  "ke": 0.0025794964,
  "ab": 0.0025338416,
  "um": 0.002442532,
  "na": 0.0024197046,
  "ir": 0.0023740498,
  "im": 0.0022827402,
  "ta": 0.0022827402,
  "il": 0.0021914306,
  "ac": 0.0021457758,
  "rn": 0.0021457758,
  "ol": 0.0021229484,
  "uc": 0.002100121,
  "f_": 0.0020772936,
  "_p": 0.0020544662,
  "tt": 0.0020088114,
  "ts": 0.0020088114,
  "eg": 0.001985984,
  "eu": 0.0019403292,
  "ft": 0.0018946744,
  "ru": 0.001871847,
  "ls": 0.0018490196,
  "_j": 0.0018490196,
  "tu": 0.0018490196,
  "ut": 0.0018261922,
  "ed": 0.0018033648,
  "eb": 0.0018033648,
  "tr": 0.0017805374,
  "hl": 0.0017805374,
  "_o": 0.00175771,
  "hi": 0.00175771,
  "hn": 0.00175771,
  "am": 0.0017348826,
  "mm": 0.0017120552,
  "ro": 0.0017120552,
  "tz": 0.0017120552,
  "bi": 0.0016435729,
  "ah": 0.0016435729,
  "sp": 0.0016207455,
  "f\u00fc": 0.0016207455,
  "nu": 0.0015979181,
  "fr": 0.0015979181,
  "ag": 0.0015750907,
  "ih": 0.0015522633,
  "\u00fcr": 0.0015294359,
  "_r": 0.0015066085,
  "pr": 0.0015066085,
  "ck": 0.0014837811,
  "kr": 0.0014381263,
  "io": 0.0014381263,
  "oc": 0.0014381263,
  "od": 0.0014152989,
  "ko": 0.0013924715,
  "sa": 0.0013924715,
  "fe": 0.0013696441,
  "ka": 0.0013696441,
  "fa": 0.0013696441,
  "af": 0.0013468167,
  "rg": 0.0013239893,
  "no": 0.0013011619,
  "rk": 0.0012326797,
  "wo": 0.0012326797,
  "kl": 0.0012098523,
  "i_": 0.0011641975,
  "gr": 0.0011413701,
  "om": 0.0011413701,
  "ga": 0.0011413701,
  "du": 0.0011185427,
  "ef": 0.0011185427,
  "rm": 0.0011185427,
  "ku": 0.0011185427,
  "zi": 0.0011185427,
  "gl": 0.0010957153,
  "ki": 0.0010957153,
  "ug": 0.0010957153,
  "ec": 0.0010957153,
  "fo": 0.0010957153,
  "hu": 0.0010500605,
  "a_": 0.0010272331,
  "kt": 0.0010272331,
  "gt": 0.0010272331,
  "ff": 0.0010044057,
  "gi": 0.0010044057,
  "lu": 0.0010044057,
  "tl": 0.0010044057,
  "nk": 0.0009815783,
  "gs": 0.0009815783,
  "rz": 0.0009587509,
  "to": 0.0009359235,
  "o_": 0.0009359235,
  "z_": 0.0009359235,
  "oh": 0.0009359235,
  "tw": 0.0009130961,
  "ba": 0.0008902687,
  "\u00fcb": 0.0008902687,
  "ld": 0.0008902687,
  "ue": 0.0008674413,
  "rl": 0.0008674413,
  "fl": 0.0008674413,
  "nz": 0.0008674413,
  "ul": 0.0008674413,
  "ho": 0.0008446139,
  "mo": 0.0008446139,
  "rb": 0.0008446139,
  "og": 0.0008446139,
  "ja": 0.0008446139,
  "\u00e4n": 0.0008217865,
  "os": 0.0008217865,
  "br": 0.0008217865,
  "t\u00e4": 0.0007989591,
  "pa": 0.0007989591,
  "rc": 0.0007761317,
  "b_": 0.0007761317,
  "ad": 0.0007761317,
  "\u00dfe": 0.0007533043,
  "id": 0.0007533043,
  "h\u00e4": 0.0007533043,
  "ew": 0.0007533043,
  "r\u00fc": 0.0007304769,
  "nf": 0.0007304769,
  "pf": 0.0007076495,
  "pe": 0.0006848221,
  "lo": 0.0006848221,
  "rh": 0.0006848221,
  "do": 0.0006848221,
  "k_": 0.0006848221,
  "je": 0.0006619947,
  "ik": 0.0006619947,
  "\u00f6n": 0.0006619947,
  "\u00e4h": 0.0006619947,
  "hm": 0.0006391673,
  "k\u00f6": 0.0006391673,
  "_\u00fc": 0.0006391673,
  "gu": 0.0006163399,
  "\u00fcc": 0.0006163399,
  "\u00e4r": 0.0005935125,
  "l\u00e4": 0.0005935125,
  "ob": 0.0005935125,
  "\u00e4t": 0.0005935125,
  "\u00e4u": 0.0005935125,
  "hs": 0.0005935125,
  "ek": 0.0005935125,
  "\u00fcn": 0.0005935125,
  "of": 0.0005706851,
  "\u00e4c": 0.0005706851,
  "bt": 0.0005706851,
  "sk": 0.0005478576,
  "mu": 0.0005478576,
  "\u00fch": 0.0005478576,
  "fi": 0.0005478576,
  "iv": 0.0005478576,
  "rf": 0.0005478576,
  "dr": 0.0005478576,
  "if": 0.0005250302,
  "r\u00e4": 0.0005250302,
  "vi": 0.0005250302,
  "mt": 0.0005022028,
  "op": 0.0005022028,
  "lb": 0.0005022028,
  "su": 0.0005022028,
  "ib": 0.0005022028,
  "dl": 0.0004793754,
  "rw": 0.0004793754,
  "rr": 0.0004793754,
  "zt": 0.0004793754,
  "th": 0.0004793754,
  "wu": 0.0004793754,
  "ez": 0.0004337206,
  "zw": 0.0004337206,
  "ak": 0.0004337206,
  "mp": 0.0004337206,
  "bl": 0.0004337206,
  "bs": 0.0004337206,
  "ai": 0.0004337206,
  "ot": 0.0004108932,
  "uk": 0.0004108932,
  "po": 0.0004108932,
  "oz": 0.0004108932,
  "tg": 0.0003880658,
  "w\u00e4": 0.0003880658,
  "nl": 0.0003880658,
  "bu": 0.0003880658,
  "hk": 0.0003652384,
  "sb": 0.0003652384,
  "ph": 0.0003652384,
  "ex": 0.000342411,
  "h\u00f6": 0.000342411,
  "\u00f6r": 0.000342411,
  "f\u00e4": 0.000342411,
  "sg": 0.000342411,
  "dt": 0.000342411,
  "hw": 0.000342411,
  "pi": 0.0003195836,
  "t\u00fc": 0.0003195836,
  "\u00fcs": 0.0003195836,
  "ia": 0.0003195836,
  "_c": 0.0003195836,
  "pp": 0.0002967562,
  "o\u00df": 0.0002967562,
  "lf": 0.0002967562,
  "pt": 0.0002967562,
  "ub": 0.0002967562,
  "s\u00e4": 0.0002967562,
  "m\u00f6": 0.0002967562,
  "\u00f6g": 0.0002967562,
  "m\u00fc": 0.0002967562,
  "ln": 0.0002967562,
  "pl": 0.0002967562,
  "ud": 0.0002739288,
  "ep": 0.0002739288,
  "ea": 0.0002739288,
  "sw": 0.0002739288,
  "gk": 0.0002739288,
  "za": 0.0002739288,
  "ee": 0.0002739288,
  "iz": 0.0002739288,
  "nv": 0.0002739288,
  "n\u00e4": 0.0002739288,
  "nh": 0.0002739288,
  "lz": 0.0002739288,
  "tm": 0.0002739288,
  "sh": 0.0002739288,
  "tn": 0.0002511014,
  "k\u00fc": 0.0002511014,
  "\u00f6t": 0.0002511014,
  "ap": 0.0002511014,
  "fu": 0.0002511014,
  "ks": 0.0002511014,
  "va": 0.0002511014,
  "n\u00fc": 0.0002511014,
  "nw": 0.0002511014,
  "p\u00e4": 0.0002511014,
  "sl": 0.000228274,
  "nc": 0.000228274,
  "\u00fct": 0.000228274,
  "ok": 0.000228274,
  "\u00e4l": 0.000228274,
  "\u00f6s": 0.000228274,
  "w\u00fc": 0.000228274,
  "jo": 0.0002054466,
  "\u00e4g": 0.0002054466,
  "qu": 0.0002054466,
  "sm": 0.0002054466,
  "\u00fcl": 0.0002054466,
  "lk": 0.0002054466,
  "r\u00f6": 0.0002054466,
  "xi": 0.0002054466,
  "up": 0.0001826192,
  "ju": 0.0001826192,
  "gn": 0.0001826192,
  "az": 0.0001826192,
  "hg": 0.0001826192,
  "u\u00df": 0.0001826192,
  "kn": 0.0001826192,