{
  "n_": 0.0371611174,
  "en": 0.0344294403,
  "er": 0.0274713947,
  "ch": 0.0261828677,
  "e_": 0.0234511906,
  "_d": 0.0210287599,
  "r_": 0.0192763633,
  "t_": 0.0175755077,
  "ei": 0.016441604,
  "de": 0.0158746521,
  "ie": 0.0157200289,
  "in": 0.0156684878,
  "te": 0.0149469127,
  "_s": 0.0137099268,
  "s_": 0.0114936604,
  "ge": 0.0113390372,
  "_e": 0.0107205443,
  "un": 0.0106174621,
  "nd": 0.010565921,
  "ic": 0.0104112978,
  "_w": 0.0101535924,
  "ne": 0.0099474281,
  "_i": 0.0099474281,
  "h_": 0.0097412638,
  "_a": 0.0094835584,
  "st": 0.0092773941,
  "_m": 0.0091743119,
  "an": 0.0086589011,
  "be": 0.0086073601,
  "es": 0.0082465725,
  "le": 0.0081434904,
  "di": 0.0080404082,
  "sc": 0.007267292,
  "re": 0.007267292,
  "d_": 0.0071126688,
  "he": 0.0070095866,
  "_g": 0.0067003402,
  "au": 0.0067003402,
  "_u": 0.0063395526,
  "_n": 0.0061333883,
  "is": 0.0060818472,
  "_b": 0.0060303062,
  "me": 0.0056695186,
  "_z": 0.0056695186,
  "it": 0.0056179775,
  "el": 0.0056179775,
  "da": 0.0055148954,
  "se": 0.0055148954,
  "ng": 0.0054118132,
  "si": 0.0053602721,
  "m_": 0.0053087311,
  "zu": 0.0052056489,
  "_v": 0.0051541078,
  "al": 0.0051025667,
  "nt": 0.0051025667,
  "ht": 0.0049994846,
  "_f": 0.0047933203,
  "as": 0.004638697,
  "li": 0.0045356149,
  "mi": 0.0044325327,
  "_h": 0.0044325327,
  "g_": 0.0043809917,
  "we": 0.0043809917,
  "ss": 0.0043809917,
  "ra": 0.0043294506,
  "wi": 0.0043294506,
  "_k": 0.0041748273,
  "ha": 0.0041748273,
  "ll": 0.0041232863,
  "ni": 0.0040717452,
  "ar": 0.0039171219,
  "ti": 0.0038140398,
  "on": 0.0038140398,
  "or": 0.0038140398,
  "nn": 0.0037624987,
  "at": 0.0037109576,
  "et": 0.0036594166,
  "hr": 0.0035047933,
  "ri": 0.0034017112,
  "ur": 0.0034017112,
  "u_": 0.0034017112,
  "ns": 0.0033501701,
  "rt": 0.0033501701,
  "_t": 0.0033501701,
  "ma": 0.0032470879,
  "_l": 0.0032470879,
  "vo": 0.0031955469,
  "so": 0.0030924647,
  "ig": 0.0030924647,
  "us": 0.0029893825,
  "ke": 0.0028863004,
  "ed": 0.0028347593,
  "ta": 0.0028347593,
  "ve": 0.0027832182,
  "wa": 0.0027832182,
  "ir": 0.0027832182,
  "la": 0.0027832182,
  "ze": 0.0027316771,
  "rd": 0.0026801361,
  "em": 0.0026801361,
  "eh": 0.002628595,
  "uf": 0.0025770539,
  "lt": 0.0025255128,
  "l_": 0.0024739718,
  "rs": 0.0024224307,
  "im": 0.0023708896,
  "na": 0.0023708896,
  "hn": 0.0023708896,
  "um": 0.0022678074,
  "eu": 0.0022678074,
  "_p": 0.0022162664,
  "ac": 0.0022162664,
  "ol": 0.0021647253,
  "ru": 0.0021131842,
  "ab": 0.0021131842,
  "f_": 0.0021131842,
  "tu": 0.0020616431,
  "mm": 0.0020101021,
  "_o": 0.001958561,
  "fr": 0.001958561,
  "ut": 0.001958561,
  "_j": 0.0019070199,
  "f\u00fc": 0.0019070199,
  "nu": 0.0018554788,
  "hl": 0.0018554788,
  "ft": 0.0018554788,
  "rn": 0.0018554788,
  "oc": 0.0018554788,
  "ls": 0.0018039377,
  "uc": 0.0018039377,
  "eb": 0.0018039377,
  "hi": 0.0017523967,
  "\u00fcr": 0.0017523967,
  "tt": 0.0017523967,
  "sp": 0.0017008556,
  "ka": 0.0017008556,
  "ih": 0.0017008556,
  "ag": 0.0017008556,
  "tz": 0.0017008556,
  "am": 0.0017008556,
  "eg": 0.0016493145,
  "ts": 0.0016493145,
  "ck": 0.0016493145,
  "tr": 0.0015977734,
  "ef": 0.0015462323,
  "il": 0.0014946913,
  "wo": 0.0014946913,
  "_r": 0.0014431502,
  "ec": 0.0014431502,
  "ro": 0.0013916091,
  "fe": 0.0013916091,
  "sa": 0.0013916091,
  "nk": 0.001340068,
  "du": 0.001340068,
  "no": 0.001340068,
  "gr": 0.001288527,
  "kr": 0.001288527,
  "om": 0.001288527,
  "pr": 0.001288527,
  "rg": 0.001288527,
  "rm": 0.001288527,
  "ah": 0.001288527,
  "fa": 0.0012369859,
  "pe": 0.0011854448,
  "od": 0.0011854448,
  "rk": 0.0011854448,
  "kt": 0.0011854448,
  "ko": 0.0011339037,
  "fo": 0.0011339037,
  "i_": 0.0010823626,
  "rl": 0.0010823626,
  "gt": 0.0010823626,
  "kl": 0.0010823626,
  "zi": 0.0010823626,
  "oh": 0.0010823626,
  "gl": 0.0010308216,
  "ue": 0.0010308216,
  "mo": 0.0010308216,
  "o_": 0.0010308216,
  "bi": 0.0010308216,
  "do": 0.0010308216,
  "gs": 0.0010308216,
  "rz": 0.0009792805,
  "ff": 0.0009277394,
  "je": 0.0009277394,
  "af": 0.0009277394,
  "\u00fcb": 0.0009277394,
  "io": 0.0009277394,
  "t\u00e4": 0.0008761983,
  "sk": 0.0008761983,
  "to": 0.0008761983,
  "r\u00fc": 0.0008761983,
  "\u00e4c": 0.0008761983,
  "tw": 0.0008761983,
  "\u00fcc": 0.0008761983,
  "ad": 0.0008761983,
  "a_": 0.0008246573,
  "ba": 0.0008246573,
  "id": 0.0008246573,
  "nf": 0.0008246573,
  "lu": 0.0008246573,
  "hm": 0.0007731162,
  "\u00dfe": 0.0007731162,
  "pa": 0.0007731162,
  "iv": 0.0007731162,
  "ga": 0.0007731162,
  "b_": 0.0007731162,
  "nz": 0.0007731162,
  "hu": 0.0007731162,
  "tl": 0.0007731162,
  "ho": 0.0007215751,
  "\u00fch": 0.0007215751,
  "og": 0.0007215751,
  "\u00e4t": 0.0007215751,
  "\u00e4h": 0.0007215751,
  "os": 0.000670034,
  "fi": 0.000670034,
  "rc": 0.000670034,
  "_\u00fc": 0.000670034,
  "lo": 0.000670034,
  "ew": 0.000670034,
  "ku": 0.000670034,
  "k_": 0.000670034,
  "br": 0.000670034,
  "mt": 0.0006184929,
  "of": 0.0006184929,
  "mu": 0.0006184929,
  "op": 0.0006184929,
  "gu": 0.0006184929,
  "ob": 0.0006184929,
  "gi": 0.0006184929,
  "lb": 0.0006184929,
  "ld": 0.0006184929,
  "if": 0.0006184929,
  "t\u00fc": 0.0006184929,
  "dr": 0.0006184929,
  "ug": 0.0005669519,
  "pf": 0.0005669519,
  "hk": 0.0005669519,
  "rh": 0.0005669519,
  "zw": 0.0005669519,
  "ak": 0.0005669519,
  "ul": 0.0005669519,
  "hs": 0.0005669519,
  "ja": 0.0005669519,
  "dt": 0.0005669519,
  "l\u00e4": 0.0005154108,
  "\u00e4n": 0.0005154108,
  "rb": 0.0005154108,
  "\u00f6n": 0.0005154108,
  "ot": 0.0005154108,
  "ez": 0.0005154108,
  "z_": 0.0005154108,
  "fl": 0.0005154108,
  "h\u00e4": 0.0005154108,
  "nl": 0.0005154108,
  "\u00fcn": 0.0005154108,
  "zt": 0.0005154108,
  "pi": 0.0004638697,
  "dl": 0.0004638697,
  "pt": 0.0004638697,
  "rw": 0.0004638697,
  "ek": 0.0004638697,
  "oz": 0.0004638697,
  "vi": 0.0004638697,
  "up": 0.0004123286,
  "pp": 0.0004123286,
  "\u00e4r": 0.0004123286,
  "ik": 0.0004123286,
  "r\u00e4": 0.0004123286,
  "m\u00f6": 0.0004123286,
  "\u00f6g": 0.0004123286,
  "bl": 0.0004123286,
  "bs": 0.0004123286,
  "k\u00f6": 0.0003607875,
  "rf": 0.0003607875,
  "ea": 0.0003607875,
  "po": 0.0003607875,
  "ph": 0.0003607875,
  "ib": 0.0003607875,
  "bt": 0.0003607875,
  "ia": 0.0003607875,
  "iz": 0.0003607875,
  "fu": 0.0003607875,
  "n\u00e4": 0.0003607875,
  "w\u00fc": 0.0003607875,
  "ln": 0.0003607875,
  "\u00f6r": 0.0003092465,
  "o\u00df": 0.0003092465,
  "ub": 0.0003092465,
  "tn": 0.0003092465,
  "uk": 0.0003092465,
  "\u00e4u": 0.0003092465,
  "mp": 0.0003092465,
  "sg": 0.0003092465,
  "ai": 0.0003092465,
  "rr": 0.0003092465,
  "n\u00fc": 0.0003092465,
  "pl": 0.0003092465,
  "wu": 0.0003092465,
  "ip": 0.0003092465,
  "p\u00e4": 0.0003092465,
  "sl": 0.0002577054,
  "h\u00f6": 0.0002577054,
  "lf": 0.0002577054,
  "ep": 0.0002577054,
  "gk": 0.0002577054,
  "\u00fcm": 0.0002577054,
  "za": 0.0002577054,
  "\u00fcs": 0.0002577054,
  "\u00fct": 0.0002577054,
  "a\u00df": 0.0002577054,
  "zo": 0.0002577054,
  "\u00df_": 0.0002577054,
  "bu": 0.0002577054,
  "th": 0.0002577054,
  "nw": 0.0002577054,
  "sy": 0.0002577054,
  "nc": 0.0002061643,
  "gn": 0.0002061643,
  "hb": 0.0002061643,
  "zd": 0.0002061643,
  "jo": 0.0002061643,
  "sf": 0.0002061643,
  "w\u00e4": 0.0002061643,
  "az": 0.0002061643,
  "v_": 0.0002061643,
  "_q": 0.0002061643,
  "qu": 0.0002061643,
  "ua": 0.0002061643,
  "d\u00e4": 0.0002061643,
  "k\u00fc": 0.0002061643,
  "uz": 0.0002061643,
  "u\u00df": 0.0002061643,
  "\u00f6t": 0.0002061643,
  "sm": 0.0002061643,
  "su": 0.0002061643,
  "m\u00fc": 0.0002061643,
  "nv": 0.0002061643,
  "kn": 0.0002061643,
  "\u00fcg": 0.0002061643,
  "sr": 0.0002061643,
  "nr": 0.0002061643,
  "kf": 0.0002061643,
  "b\u00fc": 0.0002061643,
  "tg": 0.0001546232,
  "ki": 0.0001546232,
  "ju": 0.0001546232,
  "ud": 0.0001546232,
  "sv": 0.0001546232,
  "s\u00e4": 0.0001546232,
  "\u00e4f": 0.0001546232,
  "\u00e4g": 0.0001546232,
  "mg": 0.0001546232,