{
  "_": 0.2960047854,
  "e": 0.0875704436,
  "t": 0.0639265812,
  "a": 0.0575354973,
  "i": 0.052372257,
  "n": 0.0518685263,
  "o": 0.0516796272,
  "s": 0.0475081069,
  "r": 0.0422504172,
  "h": 0.034269433,
  "l": 0.029247867,
  "d": 0.0272172024,
  "c": 0.0207788937,
  "u": 0.0197871738,
  "g": 0.0166545981,
  "m": 0.0164342159,
  "p": 0.0163397664,
  "f": 0.0150332147,
  "w": 0.0139155621,
  "y": 0.0125617857,
  "b": 0.0095708844,
  "v": 0.0084532317,
  "k": 0.005210465,
  "x": 0.0012908101,
  "j": 0.0011333942,
  "q": 0.0005981803,
  "'": 0.0003935397,
  "z": 0.0003620565,
  "\u00f3": 1.57416e-05,
  "\u00e4": 1.57416e-05
}