{
  "e_": 0.0337471264,
  "_t": 0.0269731801,
  "s_": 0.0235095785,
  "th": 0.0224367816,
  "_a": 0.0204750958,
  "he": 0.0204444444,
  "in": 0.0176245211,
  "d_": 0.017256705,
  "t_": 0.0164597701,
  "n_": 0.0146206897,
  "an": 0.0141915709,
  "er": 0.0139157088,
  "_s": 0.0135478927,
  "_i": 0.0124137931,
  "_w": 0.0120153257,
  "_o": 0.0114636015,
  "re": 0.010789272,
  "r_": 0.01051341,
  "en": 0.0102375479,
  "y_": 0.0102068966,
  "on": 0.0099923372,
  "nd": 0.0090727969,
  "at": 0.0088582375,
  "ng": 0.0087356322,
  "ti": 0.0084291188,
  "it": 0.0082452107,
  "_c": 0.008091954,
  "or": 0.008,
  "ed": 0.0078773946,
  "o_": 0.0077854406,
  "es": 0.0076015326,
  "ou": 0.0074482759,
  "_p": 0.0070804598,
  "ve": 0.0069885057,
  "ar": 0.0068965517,
  "te": 0.0068045977,
  "nt": 0.006743295,
  "to": 0.0066819923,
  "_b": 0.0066206897,
  "_d": 0.0065287356,
  "g_": 0.0065287356,
  "_f": 0.0065287356,
  "is": 0.0063448276,
  "as": 0.0063141762,
  "_m": 0.0063141762,
  "se": 0.0061915709,
  "al": 0.0061915709,
  "_e": 0.0061302682,
  "of": 0.0060996169,
  "st": 0.0060383142,
  "ea": 0.0058544061,
  "ne": 0.0056091954,
  "f_": 0.0055785441,
  "ha": 0.0055478927,
  "le": 0.0054252874,
  "l_": 0.0054252874,
  "a_": 0.0053333333,
  "_h": 0.0052720307,
  "li": 0.0051494253,
  "me": 0.0050574713,
  "ro": 0.0049961686,
  "co": 0.0045363985,
  "de": 0.0045363985,
  "h_": 0.0044750958,
  "ce": 0.0043218391,
  "_l": 0.0042605364,
  "el": 0.0042298851,
  "io": 0.0041992337,
  "ma": 0.0041685824,
  "ll": 0.004045977,
  "ly": 0.003954023,
  "ic": 0.0039233716,
  "ri": 0.0039233716,
  "_g": 0.003862069,
  "_r": 0.003862069,
  "di": 0.0037701149,
  "sh": 0.0037701149,
  "wa": 0.0036781609,
  "ra": 0.0036168582,
  "om": 0.0036168582,
  "ta": 0.0035862069,
  "pe": 0.0035862069,
  "ca": 0.0034022989,
  "ec": 0.0033409962,
  "rs": 0.0033103448,
  "_n": 0.0033103448,
  "be": 0.0032490421,
  "ct": 0.0032183908,
  "il": 0.0032183908,
  "ns": 0.0032183908,
  "us": 0.0031264368,
  "hi": 0.0031264368,
  "ho": 0.0030957854,
  "ee": 0.0030651341,
  "ur": 0.0030038314,
  "so": 0.0030038314,
  "we": 0.0030038314,
  "no": 0.0029425287,
  "la": 0.0029425287,
  "si": 0.0029118774,
  "ut": 0.0029118774,
  "ts": 0.0029118774,
  "un": 0.0028812261,
  "pl": 0.0028812261,
  "ac": 0.0028505747,
  "nc": 0.002789272,
  "et": 0.0027586207,
  "fo": 0.0027279693,
  "ge": 0.002697318,
  "ev": 0.002697318,
  "ot": 0.0026666667,
  "lo": 0.0026666667,
  "ir": 0.0025747126,
  "ch": 0.0024827586,
  "mi": 0.0024214559,
  "vi": 0.0024214559,
  "mo": 0.0023908046,
  "m_": 0.0023601533,
  "iv": 0.0023295019,
  "ow": 0.0022988506,
  "pr": 0.0022681992,
  "id": 0.0022681992,
  "wh": 0.0022375479,
  "wi": 0.0022375479,
  "pa": 0.0022375479,
  "ie": 0.0022375479,
  "ai": 0.0022068966,
  "na": 0.0022068966,
  "ul": 0.0021762452,
  "em": 0.0021762452,
  "rt": 0.0021762452,
  "ad": 0.0020842912,
  "tr": 0.0020229885,
  "ke": 0.0020229885,
  "ss": 0.0019923372,
  "sp": 0.0019923372,
  "ni": 0.0019003831,
  "_u": 0.0018697318,
  "os": 0.0018697318,
  "ci": 0.0018697318,
  "wo": 0.0018390805,
  "ld": 0.0018084291,
  "po": 0.0017777778,
  "w_": 0.0017777778,
  "am": 0.0017777778,
  "do": 0.0017471264,
  "fe": 0.0017471264,
  "fi": 0.0017471264,
  "su": 0.0017164751,
  "sa": 0.0016551724,
  "op": 0.0015938697,
  "_y": 0.0015938697,
  "im": 0.0015938697,
  "gr": 0.0015938697,
  "gh": 0.0015632184,
  "fr": 0.0015632184,
  "ap": 0.0015019157,
  "yo": 0.0014712644,
  "ol": 0.0014712644,
  "ab": 0.001440613,
  "ia": 0.001440613,
  "oc": 0.001440613,
  "ig": 0.0014099617,
  "ty": 0.0014099617,
  "av": 0.0014099617,
  "ry": 0.0014099617,
  "ay": 0.0014099617,
  "ag": 0.0014099617,
  "k_": 0.0013793103,
  "oo": 0.0013793103,
  "go": 0.001348659,
  "rm": 0.0013180077,
  "c_": 0.0012873563,
  "bu": 0.0012873563,
  "tt": 0.0012873563,
  "bl": 0.0012873563,
  "ua": 0.0012873563,
  "tu": 0.001256705,
  "_v": 0.001256705,
  "ei": 0.0011954023,
  "ex": 0.001164751,
  "rn": 0.001164751,
  "p_": 0.001164751,
  "pp": 0.0011340996,
  "up": 0.0011340996,
  "ds": 0.0011340996,
  "gi": 0.0011034483,
  "cu": 0.0010727969,
  "ep": 0.0010727969,
  "ru": 0.0010727969,
  "ew": 0.0010727969,
  "pi": 0.0010421456,
  "if": 0.0010421456,
  "um": 0.0010421456,
  "bo": 0.0010114943,
  "mp": 0.0010114943,
  "du": 0.0010114943,
  "uc": 0.0010114943,
  "ef": 0.0010114943,
  "fa": 0.0010114943,
  "ug": 0.0010114943,
  "gl": 0.0009808429,
  "ov": 0.0009808429,
  "ck": 0.0009808429,
  "gu": 0.0009501916,
  "ff": 0.0009501916,
  "cr": 0.0009501916,
  "od": 0.0009501916,
  "ak": 0.0009501916,
  "ip": 0.0009501916,
  "sc": 0.0009195402,
  "eo": 0.0009195402,
  "rd": 0.0008888889,
  "da": 0.0008888889,
  "ue": 0.0008582375,
  "ph": 0.0008582375,
  "ey": 0.0008582375,
  "ls": 0.0008582375,
  "bi": 0.0008582375,
  "ba": 0.0008275862,
  "ui": 0.0008275862,
  "cl": 0.0007969349,
  "br": 0.0007662835,
  "fu": 0.0007662835,
  "lu": 0.0007662835,
  "ht": 0.0007356322,
  "u_": 0.0007356322,
  "ga": 0.0007356322,
  "tl": 0.0007049808,
  "rg": 0.0007049808,
  "ki": 0.0007049808,
  "_k": 0.0007049808,
  "ob": 0.0006743295,
  "by": 0.0006743295,
  "ny": 0.0006436782,
  "rk": 0.0006436782,
  "nv": 0.0006436782,
  "qu": 0.0006436782,
  "lt": 0.0006436782,
  "va": 0.0006436782,
  "nm": 0.0006436782,
  "rr": 0.0006130268,
  "ms": 0.0006130268,
  "pu": 0.0006130268,
  "mu": 0.0006130268,
  "yn": 0.0006130268,
  "ok": 0.0005823755,
  "ys": 0.0005823755,
  "fl": 0.0005823755,
  "ud": 0.0005823755,
  "_j": 0.0005823755,
  "ft": 0.0005517241,
  "mb": 0.0005517241,
  "au": 0.0005517241,
  "wr": 0.0005517241,
  "i_": 0.0005517241,
  "ye": 0.0005210728,
  "rl": 0.0005210728,
  "rv": 0.0005210728,
  "nn": 0.0005210728,
  "og": 0.0005210728,
  "ib": 0.0005210728,
  "rc": 0.0005210728,
  "nf": 0.0005210728,
  "dr": 0.0004904215,
  "wn": 0.0004904215,
  "pt": 0.0004904215,
  "oi": 0.0004904215,
  "mm": 0.0004904215,
  "cc": 0.0004904215,
  "ks": 0.0004904215,
  "xp": 0.0004597701,
  "hu": 0.0004597701,
  "ik": 0.0004597701,
  "nk": 0.0004597701,
  "ju": 0.0004597701,
  "sm": 0.0004291188,
  "sy": 0.0004291188,
  "hy": 0.0003984674,
  "ws": 0.0003984674,
  "vo": 0.0003984674,
  "cy": 0.0003984674,
  "kn": 0.0003984674,
  "dy": 0.0003984674,
  "eg": 0.0003984674,
  "gs": 0.0003678161,
  "bs": 0.0003678161,
  "sk": 0.0003678161,
  "nl": 0.0003678161,
  "af": 0.0003371648,
  "ps": 0.0003371648,
  "ub": 0.0003371648,
  "nu": 0.0003371648,
  "aw": 0.0003065134,
  "rf": 0.0003065134,
  "hr": 0.0003065134,
  "dl": 0.0003065134,
  "je": 0.0003065134,
  "my": 0.0003065134,
  "dn": 0.0003065134,
  "sn": 0.0002758621,
  "dd": 0.0002758621,
  "lv": 0.0002758621,
  "eq": 0.0002758621,
  "oj": 0.0002758621,
  "'s": 0.0002758621,
  "az": 0.0002758621,
  "_q": 0.0002452107,
  "oa": 0.0002452107,
  "tw": 0.0002452107,
  "sw": 0.0002452107,
  "rp": 0.0002452107,
  "ym": 0.0002452107,
  "oe": 0.0002145594,
  "xt": 0.0002145594,
  "yb": 0.0002145594,
  "gn": 0.0002145594,
  "gg": 0.0002145594,
  "e'": 0.0002145594,
  "jo": 0.0002145594,
  "zi": 0.0002145594,
  "xa": 0.000183908,
  "lp": 0.000183908,
  "dv": 0.000183908,
  "ae": 0.000183908,
  "tc": 0.000183908,
  "n'": 0.0001532567,
  "eu": 0.0001532567,
  "lf": 0.0001532567,
  "tm": 0.0001532567,
  "wl": 0.0001532567,
  "hl": 0.0001532567,
  "ax": 0.0001532567,
  "xo": 0.0001532567,
  "ix": 0.0001532567,
  "py": 0.0001532567,
  "yi": 0.0001532567,
  "'d": 0.0001226054,
  "sl": 0.0001226054,
  "yc": 0.0001226054,
  "xc": 0.0001226054,
  "lm": 0.0001226054,
  "oy": 0.0001226054,
  "yp": 0.0001226054,
  "x_": 0.0001226054,
  "ky": 0.0001226054,
  "eh": 0.0001226054,
  "eb": 9.1954e-05,
  "'t": 9.1954e-05,
  "_'": 9.1954e-05,
  "r'": 9.1954e-05,
  "'_": 9.1954e-05,
  "rh": 9.1954e-05,
  "sf": 9.1954e-05,
  "dg": 9.1954e-05,
  "b_": 9.1954e-05,
  "oh": 9.1954e-05,
  "xe": 9.1954e-05,
  "xi": 9.1954e-05,
  "ek": 9.1954e-05,
  "hs": 9.1954e-05,
  "lb": 9.1954e-05,
  "sq": 9.1954e-05,
  "bv": 9.1954e-05,
  "sg": 6.13027e-05,
  "dp": 6.13027e-05,