{
  "e_": 0.0327396349,
  "_t": 0.0270674747,
  "s_": 0.0234646368,
  "th": 0.0215431232,
  "_a": 0.0202497968,
  "he": 0.0197324662,
  "in": 0.0175153352,
  "d_": 0.0166100067,
  "t_": 0.0165730545,
  "n_": 0.0144852561,
  "er": 0.0138385929,
  "an": 0.0137462124,
  "_s": 0.0131549775,
  "_i": 0.0124713621,
  "_w": 0.0121203163,
  "_o": 0.01125194,
  "re": 0.0109932747,
  "r_": 0.0105128963,
  "y_": 0.0100694701,
  "on": 0.0099216614,
  "en": 0.0095706156,
  "ng": 0.0091641416,
  "nd": 0.0087207154,
  "o_": 0.0086283349,
  "at": 0.0085729067,
  "_c": 0.0081664326,
  "it": 0.0081110044,
  "es": 0.0078892913,
  "ti": 0.0078708152,
  "ed": 0.0077045303,
  "_p": 0.0077045303,
  "or": 0.0075751977,
  "to": 0.0073534846,
  "g_": 0.0073350085,
  "ou": 0.0070763432,
  "_b": 0.007039391,
  "te": 0.0069654867,
  "_h": 0.0069285345,
  "_m": 0.0069100584,
  "ar": 0.0068731062,
  "st": 0.0068731062,
  "nt": 0.0067068214,
  "ve": 0.0066513931,
  "_f": 0.0064481561,
  "is": 0.0063927278,
  "_d": 0.0063557756,
  "a_": 0.0063372995,
  "al": 0.0059493016,
  "ha": 0.0058569211,
  "as": 0.0058014929,
  "of": 0.0058014929,
  "se": 0.0057460646,
  "f_": 0.0056167319,
  "le": 0.0054689232,
  "ea": 0.0054504471,
  "l_": 0.0052656862,
  "_e": 0.0050624492,
  "ne": 0.005025497,
  "li": 0.0048776883,
  "h_": 0.0047114034,
  "de": 0.0046374991,
  "me": 0.0046374991,
  "ro": 0.0044527382,
  "el": 0.0044342621,
  "co": 0.0042864533,
  "_l": 0.0042310251,
  "ri": 0.0041201685,
  "hi": 0.0040647402,
  "ll": 0.0040647402,
  "ra": 0.0039908359,
  "ce": 0.0039723598,
  "_g": 0.0038615032,
  "_r": 0.0038430271,
  "ta": 0.0038060749,
  "io": 0.0037691228,
  "ma": 0.0037136945,
  "pe": 0.0036582662,
  "ic": 0.0035474097,
  "di": 0.0034550292,
  "ur": 0.0034550292,
  "ca": 0.003418077,
  "_n": 0.0033996009,
  "us": 0.0033811248,
  "wa": 0.0033811248,
  "ly": 0.0033811248,
  "la": 0.0032517922,
  "si": 0.00321484,
  "be": 0.00321484,
  "ho": 0.0031963639,
  "rs": 0.0031778878,
  "il": 0.0031594117,
  "sh": 0.0031409356,
  "om": 0.0031039834,
  "ts": 0.0030300791,
  "ut": 0.003011603,
  "ch": 0.0029931269,
  "so": 0.0029376986,
  "et": 0.0029192225,
  "ns": 0.0029007464,
  "ge": 0.0028822703,
  "ee": 0.0028268421,
  "ot": 0.0027898899,
  "wi": 0.0027898899,
  "ec": 0.0027898899,
  "we": 0.0027898899,
  "no": 0.0027898899,
  "fo": 0.0027714138,
  "ac": 0.0027529377,
  "un": 0.0026975094,
  "nc": 0.0026790333,
  "pl": 0.0026605572,
  "ct": 0.0026236051,
  "lo": 0.002605129,
  "wh": 0.0025681768,
  "tr": 0.0025681768,
  "pa": 0.0024388441,
  "ir": 0.002420368,
  "m_": 0.002401892,
  "ie": 0.0023834159,
  "iv": 0.0023464637,
  "rt": 0.0023095115,
  "po": 0.0022725593,
  "ay": 0.0022356071,
  "ul": 0.002217131,
  "os": 0.002217131,
  "id": 0.002217131,
  "ow": 0.0021986549,
  "mi": 0.0021986549,
  "pr": 0.0021801788,
  "ai": 0.0021617028,
  "ad": 0.0021247506,
  "ni": 0.0020877984,
  "ev": 0.0020693223,
  "mo": 0.0020693223,
  "vi": 0.0020693223,
  "fe": 0.0020508462,
  "na": 0.0020323701,
  "_y": 0.0019584657,
  "ke": 0.0019584657,
  "sp": 0.0019399897,
  "k_": 0.0019399897,
  "ss": 0.0019030375,
  "ld": 0.0018845614,
  "_u": 0.0018660853,
  "em": 0.001810657,
  "do": 0.0017921809,
  "sa": 0.0017921809,
  "im": 0.0017182766,
  "wo": 0.0016998005,
  "ci": 0.0016813244,
  "am": 0.0016628483,
  "ag": 0.0016628483,
  "bu": 0.0016443722,
  "ia": 0.0016258961,
  "yo": 0.0016258961,
  "ol": 0.0016258961,
  "gh": 0.0015704678,
  "op": 0.0015519917,
  "w_": 0.0015519917,
  "fi": 0.0015519917,
  "su": 0.0015335156,
  "ig": 0.0015150395,
  "gr": 0.0014596113,
  "ap": 0.0014411352,
  "av": 0.0014411352,
  "fr": 0.0014226591,
  "p_": 0.0014226591,
  "ab": 0.0013857069,
  "if": 0.0013672308,
  "oo": 0.0013672308,
  "i_": 0.0013672308,
  "_v": 0.0013672308,
  "oc": 0.0013302786,
  "ei": 0.0013118025,
  "ry": 0.0013118025,
  "go": 0.0012748503,
  "tt": 0.0012748503,
  "ep": 0.0012748503,
  "mp": 0.0012378982,
  "bl": 0.0012378982,
  "ff": 0.0012194221,
  "bo": 0.001200946,
  "tu": 0.0011824699,
  "da": 0.0011639938,
  "pi": 0.0011455177,
  "ga": 0.0011270416,
  "up": 0.0011270416,
  "ov": 0.0010900894,
  "ck": 0.0010900894,
  "ru": 0.0010900894,
  "ty": 0.0010900894,
  "um": 0.0010716133,
  "ex": 0.0010531372,
  "ls": 0.0010346611,
  "ds": 0.0010346611,
  "pp": 0.0010161851,
  "ef": 0.0010161851,
  "uc": 0.000997709,
  "rn": 0.000997709,
  "ak": 0.000997709,
  "c_": 0.0009792329,
  "gi": 0.0009792329,
  "_j": 0.0009792329,
  "rm": 0.0009607568,
  "eo": 0.0009607568,
  "fa": 0.0009607568,
  "od": 0.0009607568,
  "ug": 0.0009607568,
  "cu": 0.0009422807,
  "ba": 0.0009422807,
  "du": 0.0009238046,
  "mu": 0.0009238046,
  "ua": 0.0009238046,
  "bi": 0.0009238046,
  "rd": 0.0009053285,
  "ew": 0.0009053285,
  "au": 0.0009053285,
  "ht": 0.0008868524,
  "cr": 0.0008868524,
  "rk": 0.0008683763,
  "u_": 0.0008683763,
  "_k": 0.0008683763,
  "ey": 0.0008499002,
  "ph": 0.000812948,
  "sc": 0.000794472,
  "rg": 0.000794472,
  "ue": 0.000794472,
  "ys": 0.000794472,
  "gu": 0.0007759959,
  "br": 0.0007575198,
  "fu": 0.0007575198,
  "ki": 0.0007575198,
  "gl": 0.0007390437,
  "cl": 0.0007390437,
  "ip": 0.0007020915,
  "by": 0.0006836154,
  "ui": 0.0006651393,
  "rr": 0.0006466632,
  "tl": 0.0006466632,
  "gs": 0.0006466632,
  "ny": 0.0006281871,
  "lu": 0.0006281871,
  "va": 0.0006281871,
  "pu": 0.000609711,
  "ye": 0.0005912349,
  "ft": 0.0005912349,
  "sk": 0.0005912349,
  "qu": 0.0005912349,
  "nn": 0.0005912349,
  "mm": 0.0005912349,
  "fl": 0.0005727589,
  "ju": 0.0005727589,
  "rl": 0.0005542828,
  "ok": 0.0005542828,
  "ob": 0.0005542828,
  "rv": 0.0005542828,
  "ib": 0.0005542828,
  "oi": 0.0005542828,
  "wn": 0.0005358067,
  "og": 0.0005358067,
  "lt": 0.0005358067,
  "dr": 0.0005173306,
  "hu": 0.0005173306,
  "wr": 0.0005173306,
  "ud": 0.0005173306,
  "eg": 0.0004988545,
  "ms": 0.0004803784,
  "nv": 0.0004803784,
  "af": 0.0004803784,
  "vo": 0.0004803784,
  "nk": 0.0004803784,
  "ks": 0.0004619023,
  "my": 0.0004619023,
  "ik": 0.0004434262,
  "rc": 0.0004434262,
  "nu": 0.0004434262,
  "mb": 0.0004249501,
  "lp": 0.000406474,
  "ps": 0.000406474,
  "nm": 0.000406474,
  "x_": 0.000406474,
  "jo": 0.000406474,
  "yn": 0.0003879979,
  "kn": 0.0003695218,
  "nf": 0.0003695218,
  "dd": 0.0003510457,
  "hy": 0.0003510457,
  "pt": 0.0003510457,
  "ws": 0.0003510457,
  "hr": 0.0003510457,
  "cy": 0.0003510457,
  "dy": 0.0003510457,
  "nl": 0.0003510457,
  "aw": 0.0003325697,
  "sm": 0.0003325697,
  "cc": 0.0003325697,
  "xp": 0.0003140936,
  "tc": 0.0003140936,
  "sy": 0.0002956175,
  "dl": 0.0002956175,
  "sw": 0.0002956175,
  "sl": 0.0002771414,
  "rf": 0.0002771414,
  "ub": 0.0002771414,
  "sn": 0.0002586653,
  "oe": 0.0002586653,
  "_q": 0.0002586653,
  "oa": 0.0002586653,
  "gn": 0.0002586653,
  "nb": 0.0002586653,
  "ky": 0.0002586653,
  "lv": 0.0002401892,
  "bs": 0.0002401892,
  "gg": 0.0002401892,
  "rp": 0.0002401892,
  "je": 0.0002217131,
  "dn": 0.0002217131,
  "az": 0.0002217131,
  "xt": 0.000203237,
  "eq": 0.000203237,
  "oh": 0.000203237,
  "tw": 0.000203237,
  "yl": 0.000203237,
  "yb": 0.0001847609,
  "dv": 0.0001847609,
  "b_": 0.0001847609,
  "oy": 0.0001847609,
  "ax": 0.0001847609,
  "yi": 0.0001847609,
  "'s": 0.0001847609,
  "tn": 0.0001662848,
  "dg": 0.0001662848,
  "oj": 0.0001662848,
  "lm": 0.0001662848,
  "zi": 0.0001662848,
  "ym": 0.0001662848,
  "eb": 0.0001478087,
  "hn": 0.0001478087,
  "tm": 0.0001478087,
  "rh": 0.0001478087,
  "ya": 0.0001478087,
  "e'": 0.0001478087,
  "eu": 0.0001293326,
  "lf": 0.0001293326,
  "wl": 0.0001293326,
  "py": 0.0001293326,
  "uf": 0.0001293326,
  "ek": 0.0001293326,
  "rb": 0.0001293326,
  "ka": 0.0001293326,
  "xa": 0.0001108566,
  "ae": 0.0001108566,
  "hl": 0.0001108566,
  "xc": 0.0001108566,
  "yp": 0.0001108566,
  "ix": 0.0001108566,
  "hs": 0.0001108566,
  "sq": 0.0001108566,
  "q_": 0.0001108566,
  "aj": 0.0001108566,
  "eh": 0.0001108566,
  "n'": 9.23805e-05,
  "'d": 9.23805e-05,
  "xo": 9.23805e-05,
  "xi": 9.23805e-05,